markerId;markerLink;inUse;;
0;https://raw.githubusercontent.com/evij-g/artoolkit-barcode-markers-collection/master/4x4_bch_13_9_3/0.png;false;;
1;https://raw.githubusercontent.com/evij-g/artoolkit-barcode-markers-collection/master/4x4_bch_13_9_3/1.png;false;;
2;https://raw.githubusercontent.com/evij-g/artoolkit-barcode-markers-collection/master/4x4_bch_13_9_3/2.png;false;;
3;https://raw.githubusercontent.com/evij-g/artoolkit-barcode-markers-collection/master/4x4_bch_13_9_3/3.png;false;;
4;https://raw.githubusercontent.com/evij-g/artoolkit-barcode-markers-collection/master/4x4_bch_13_9_3/4.png;false;;
5;https://raw.githubusercontent.com/evij-g/artoolkit-barcode-markers-collection/master/4x4_bch_13_9_3/5.png;false;;
6;https://raw.githubusercontent.com/evij-g/artoolkit-barcode-markers-collection/master/4x4_bch_13_9_3/6.png;false;;
7;https://raw.githubusercontent.com/evij-g/artoolkit-barcode-markers-collection/master/4x4_bch_13_9_3/7.png;false;;
8;https://raw.githubusercontent.com/evij-g/artoolkit-barcode-markers-collection/master/4x4_bch_13_9_3/8.png;false;;
9;https://raw.githubusercontent.com/evij-g/artoolkit-barcode-markers-collection/master/4x4_bch_13_9_3/9.png;false;;
10;https://raw.githubusercontent.com/evij-g/artoolkit-barcode-markers-collection/master/4x4_bch_13_9_3/10.png;false;;
11;https://raw.githubusercontent.com/evij-g/artoolkit-barcode-markers-collection/master/4x4_bch_13_9_3/11.png;false;;
12;https://raw.githubusercontent.com/evij-g/artoolkit-barcode-markers-collection/master/4x4_bch_13_9_3/12.png;false;;
13;https://raw.githubusercontent.com/evij-g/artoolkit-barcode-markers-collection/master/4x4_bch_13_9_3/13.png;false;;
14;https://raw.githubusercontent.com/evij-g/artoolkit-barcode-markers-collection/master/4x4_bch_13_9_3/14.png;false;;
15;https://raw.githubusercontent.com/evij-g/artoolkit-barcode-markers-collection/master/4x4_bch_13_9_3/15.png;false;;
16;https://raw.githubusercontent.com/evij-g/artoolkit-barcode-markers-collection/master/4x4_bch_13_9_3/16.png;false;;
17;https://raw.githubusercontent.com/evij-g/artoolkit-barcode-markers-collection/master/4x4_bch_13_9_3/17.png;false;;
18;https://raw.githubusercontent.com/evij-g/artoolkit-barcode-markers-collection/master/4x4_bch_13_9_3/18.png;false;;
19;https://raw.githubusercontent.com/evij-g/artoolkit-barcode-markers-collection/master/4x4_bch_13_9_3/19.png;false;;
20;https://raw.githubusercontent.com/evij-g/artoolkit-barcode-markers-collection/master/4x4_bch_13_9_3/20.png;false;;
21;https://raw.githubusercontent.com/evij-g/artoolkit-barcode-markers-collection/master/4x4_bch_13_9_3/21.png;false;;
22;https://raw.githubusercontent.com/evij-g/artoolkit-barcode-markers-collection/master/4x4_bch_13_9_3/22.png;false;;
23;https://raw.githubusercontent.com/evij-g/artoolkit-barcode-markers-collection/master/4x4_bch_13_9_3/23.png;false;;
24;https://raw.githubusercontent.com/evij-g/artoolkit-barcode-markers-collection/master/4x4_bch_13_9_3/24.png;false;;
25;https://raw.githubusercontent.com/evij-g/artoolkit-barcode-markers-collection/master/4x4_bch_13_9_3/25.png;false;;
26;https://raw.githubusercontent.com/evij-g/artoolkit-barcode-markers-collection/master/4x4_bch_13_9_3/26.png;false;;
27;https://raw.githubusercontent.com/evij-g/artoolkit-barcode-markers-collection/master/4x4_bch_13_9_3/27.png;false;;
28;https://raw.githubusercontent.com/evij-g/artoolkit-barcode-markers-collection/master/4x4_bch_13_9_3/28.png;false;;
29;https://raw.githubusercontent.com/evij-g/artoolkit-barcode-markers-collection/master/4x4_bch_13_9_3/29.png;false;;
30;https://raw.githubusercontent.com/evij-g/artoolkit-barcode-markers-collection/master/4x4_bch_13_9_3/30.png;false;;
31;https://raw.githubusercontent.com/evij-g/artoolkit-barcode-markers-collection/master/4x4_bch_13_9_3/31.png;false;;
32;https://raw.githubusercontent.com/evij-g/artoolkit-barcode-markers-collection/master/4x4_bch_13_9_3/32.png;false;;
33;https://raw.githubusercontent.com/evij-g/artoolkit-barcode-markers-collection/master/4x4_bch_13_9_3/33.png;false;;
34;https://raw.githubusercontent.com/evij-g/artoolkit-barcode-markers-collection/master/4x4_bch_13_9_3/34.png;false;;
35;https://raw.githubusercontent.com/evij-g/artoolkit-barcode-markers-collection/master/4x4_bch_13_9_3/35.png;false;;
36;https://raw.githubusercontent.com/evij-g/artoolkit-barcode-markers-collection/master/4x4_bch_13_9_3/36.png;false;;
37;https://raw.githubusercontent.com/evij-g/artoolkit-barcode-markers-collection/master/4x4_bch_13_9_3/37.png;false;;
38;https://raw.githubusercontent.com/evij-g/artoolkit-barcode-markers-collection/master/4x4_bch_13_9_3/38.png;false;;
39;https://raw.githubusercontent.com/evij-g/artoolkit-barcode-markers-collection/master/4x4_bch_13_9_3/39.png;false;;
40;https://raw.githubusercontent.com/evij-g/artoolkit-barcode-markers-collection/master/4x4_bch_13_9_3/40.png;false;;
41;https://raw.githubusercontent.com/evij-g/artoolkit-barcode-markers-collection/master/4x4_bch_13_9_3/41.png;false;;
42;https://raw.githubusercontent.com/evij-g/artoolkit-barcode-markers-collection/master/4x4_bch_13_9_3/42.png;false;;
43;https://raw.githubusercontent.com/evij-g/artoolkit-barcode-markers-collection/master/4x4_bch_13_9_3/43.png;false;;
44;https://raw.githubusercontent.com/evij-g/artoolkit-barcode-markers-collection/master/4x4_bch_13_9_3/44.png;false;;
45;https://raw.githubusercontent.com/evij-g/artoolkit-barcode-markers-collection/master/4x4_bch_13_9_3/45.png;false;;
46;https://raw.githubusercontent.com/evij-g/artoolkit-barcode-markers-collection/master/4x4_bch_13_9_3/46.png;false;;
47;https://raw.githubusercontent.com/evij-g/artoolkit-barcode-markers-collection/master/4x4_bch_13_9_3/47.png;false;;
48;https://raw.githubusercontent.com/evij-g/artoolkit-barcode-markers-collection/master/4x4_bch_13_9_3/48.png;false;;
49;https://raw.githubusercontent.com/evij-g/artoolkit-barcode-markers-collection/master/4x4_bch_13_9_3/49.png;false;;
50;https://raw.githubusercontent.com/evij-g/artoolkit-barcode-markers-collection/master/4x4_bch_13_9_3/50.png;false;;
51;https://raw.githubusercontent.com/evij-g/artoolkit-barcode-markers-collection/master/4x4_bch_13_9_3/51.png;false;;
52;https://raw.githubusercontent.com/evij-g/artoolkit-barcode-markers-collection/master/4x4_bch_13_9_3/52.png;false;;
53;https://raw.githubusercontent.com/evij-g/artoolkit-barcode-markers-collection/master/4x4_bch_13_9_3/53.png;false;;
54;https://raw.githubusercontent.com/evij-g/artoolkit-barcode-markers-collection/master/4x4_bch_13_9_3/54.png;false;;
55;https://raw.githubusercontent.com/evij-g/artoolkit-barcode-markers-collection/master/4x4_bch_13_9_3/55.png;false;;
56;https://raw.githubusercontent.com/evij-g/artoolkit-barcode-markers-collection/master/4x4_bch_13_9_3/56.png;false;;
57;https://raw.githubusercontent.com/evij-g/artoolkit-barcode-markers-collection/master/4x4_bch_13_9_3/57.png;false;;
58;https://raw.githubusercontent.com/evij-g/artoolkit-barcode-markers-collection/master/4x4_bch_13_9_3/58.png;false;;
59;https://raw.githubusercontent.com/evij-g/artoolkit-barcode-markers-collection/master/4x4_bch_13_9_3/59.png;false;;
60;https://raw.githubusercontent.com/evij-g/artoolkit-barcode-markers-collection/master/4x4_bch_13_9_3/60.png;false;;
61;https://raw.githubusercontent.com/evij-g/artoolkit-barcode-markers-collection/master/4x4_bch_13_9_3/61.png;false;;
62;https://raw.githubusercontent.com/evij-g/artoolkit-barcode-markers-collection/master/4x4_bch_13_9_3/62.png;false;;
63;https://raw.githubusercontent.com/evij-g/artoolkit-barcode-markers-collection/master/4x4_bch_13_9_3/63.png;false;;
64;https://raw.githubusercontent.com/evij-g/artoolkit-barcode-markers-collection/master/4x4_bch_13_9_3/64.png;false;;
65;https://raw.githubusercontent.com/evij-g/artoolkit-barcode-markers-collection/master/4x4_bch_13_9_3/65.png;false;;
66;https://raw.githubusercontent.com/evij-g/artoolkit-barcode-markers-collection/master/4x4_bch_13_9_3/66.png;false;;
67;https://raw.githubusercontent.com/evij-g/artoolkit-barcode-markers-collection/master/4x4_bch_13_9_3/67.png;false;;
68;https://raw.githubusercontent.com/evij-g/artoolkit-barcode-markers-collection/master/4x4_bch_13_9_3/68.png;false;;
69;https://raw.githubusercontent.com/evij-g/artoolkit-barcode-markers-collection/master/4x4_bch_13_9_3/69.png;false;;
70;https://raw.githubusercontent.com/evij-g/artoolkit-barcode-markers-collection/master/4x4_bch_13_9_3/70.png;false;;
71;https://raw.githubusercontent.com/evij-g/artoolkit-barcode-markers-collection/master/4x4_bch_13_9_3/71.png;false;;
72;https://raw.githubusercontent.com/evij-g/artoolkit-barcode-markers-collection/master/4x4_bch_13_9_3/72.png;false;;
73;https://raw.githubusercontent.com/evij-g/artoolkit-barcode-markers-collection/master/4x4_bch_13_9_3/73.png;false;;
74;https://raw.githubusercontent.com/evij-g/artoolkit-barcode-markers-collection/master/4x4_bch_13_9_3/74.png;false;;
75;https://raw.githubusercontent.com/evij-g/artoolkit-barcode-markers-collection/master/4x4_bch_13_9_3/75.png;false;;
76;https://raw.githubusercontent.com/evij-g/artoolkit-barcode-markers-collection/master/4x4_bch_13_9_3/76.png;false;;
77;https://raw.githubusercontent.com/evij-g/artoolkit-barcode-markers-collection/master/4x4_bch_13_9_3/77.png;false;;
78;https://raw.githubusercontent.com/evij-g/artoolkit-barcode-markers-collection/master/4x4_bch_13_9_3/78.png;false;;
79;https://raw.githubusercontent.com/evij-g/artoolkit-barcode-markers-collection/master/4x4_bch_13_9_3/79.png;false;;
80;https://raw.githubusercontent.com/evij-g/artoolkit-barcode-markers-collection/master/4x4_bch_13_9_3/80.png;false;;
81;https://raw.githubusercontent.com/evij-g/artoolkit-barcode-markers-collection/master/4x4_bch_13_9_3/81.png;false;;
82;https://raw.githubusercontent.com/evij-g/artoolkit-barcode-markers-collection/master/4x4_bch_13_9_3/82.png;false;;
83;https://raw.githubusercontent.com/evij-g/artoolkit-barcode-markers-collection/master/4x4_bch_13_9_3/83.png;false;;
84;https://raw.githubusercontent.com/evij-g/artoolkit-barcode-markers-collection/master/4x4_bch_13_9_3/84.png;false;;
85;https://raw.githubusercontent.com/evij-g/artoolkit-barcode-markers-collection/master/4x4_bch_13_9_3/85.png;false;;
86;https://raw.githubusercontent.com/evij-g/artoolkit-barcode-markers-collection/master/4x4_bch_13_9_3/86.png;false;;
87;https://raw.githubusercontent.com/evij-g/artoolkit-barcode-markers-collection/master/4x4_bch_13_9_3/87.png;false;;
88;https://raw.githubusercontent.com/evij-g/artoolkit-barcode-markers-collection/master/4x4_bch_13_9_3/88.png;false;;
89;https://raw.githubusercontent.com/evij-g/artoolkit-barcode-markers-collection/master/4x4_bch_13_9_3/89.png;false;;
90;https://raw.githubusercontent.com/evij-g/artoolkit-barcode-markers-collection/master/4x4_bch_13_9_3/90.png;false;;
91;https://raw.githubusercontent.com/evij-g/artoolkit-barcode-markers-collection/master/4x4_bch_13_9_3/91.png;false;;
92;https://raw.githubusercontent.com/evij-g/artoolkit-barcode-markers-collection/master/4x4_bch_13_9_3/92.png;false;;
93;https://raw.githubusercontent.com/evij-g/artoolkit-barcode-markers-collection/master/4x4_bch_13_9_3/93.png;false;;
94;https://raw.githubusercontent.com/evij-g/artoolkit-barcode-markers-collection/master/4x4_bch_13_9_3/94.png;false;;
95;https://raw.githubusercontent.com/evij-g/artoolkit-barcode-markers-collection/master/4x4_bch_13_9_3/95.png;false;;
96;https://raw.githubusercontent.com/evij-g/artoolkit-barcode-markers-collection/master/4x4_bch_13_9_3/96.png;false;;
97;https://raw.githubusercontent.com/evij-g/artoolkit-barcode-markers-collection/master/4x4_bch_13_9_3/97.png;false;;
98;https://raw.githubusercontent.com/evij-g/artoolkit-barcode-markers-collection/master/4x4_bch_13_9_3/98.png;false;;
99;https://raw.githubusercontent.com/evij-g/artoolkit-barcode-markers-collection/master/4x4_bch_13_9_3/99.png;false;;
100;https://raw.githubusercontent.com/evij-g/artoolkit-barcode-markers-collection/master/4x4_bch_13_9_3/100.png;false;;
101;https://raw.githubusercontent.com/evij-g/artoolkit-barcode-markers-collection/master/4x4_bch_13_9_3/101.png;false;;
102;https://raw.githubusercontent.com/evij-g/artoolkit-barcode-markers-collection/master/4x4_bch_13_9_3/102.png;false;;
103;https://raw.githubusercontent.com/evij-g/artoolkit-barcode-markers-collection/master/4x4_bch_13_9_3/103.png;false;;
104;https://raw.githubusercontent.com/evij-g/artoolkit-barcode-markers-collection/master/4x4_bch_13_9_3/104.png;false;;
105;https://raw.githubusercontent.com/evij-g/artoolkit-barcode-markers-collection/master/4x4_bch_13_9_3/105.png;false;;
106;https://raw.githubusercontent.com/evij-g/artoolkit-barcode-markers-collection/master/4x4_bch_13_9_3/106.png;false;;
107;https://raw.githubusercontent.com/evij-g/artoolkit-barcode-markers-collection/master/4x4_bch_13_9_3/107.png;false;;
108;https://raw.githubusercontent.com/evij-g/artoolkit-barcode-markers-collection/master/4x4_bch_13_9_3/108.png;false;;
109;https://raw.githubusercontent.com/evij-g/artoolkit-barcode-markers-collection/master/4x4_bch_13_9_3/109.png;false;;
110;https://raw.githubusercontent.com/evij-g/artoolkit-barcode-markers-collection/master/4x4_bch_13_9_3/110.png;false;;
111;https://raw.githubusercontent.com/evij-g/artoolkit-barcode-markers-collection/master/4x4_bch_13_9_3/111.png;false;;
112;https://raw.githubusercontent.com/evij-g/artoolkit-barcode-markers-collection/master/4x4_bch_13_9_3/112.png;false;;
113;https://raw.githubusercontent.com/evij-g/artoolkit-barcode-markers-collection/master/4x4_bch_13_9_3/113.png;false;;
114;https://raw.githubusercontent.com/evij-g/artoolkit-barcode-markers-collection/master/4x4_bch_13_9_3/114.png;false;;
115;https://raw.githubusercontent.com/evij-g/artoolkit-barcode-markers-collection/master/4x4_bch_13_9_3/115.png;false;;
116;https://raw.githubusercontent.com/evij-g/artoolkit-barcode-markers-collection/master/4x4_bch_13_9_3/116.png;false;;
117;https://raw.githubusercontent.com/evij-g/artoolkit-barcode-markers-collection/master/4x4_bch_13_9_3/117.png;false;;
118;https://raw.githubusercontent.com/evij-g/artoolkit-barcode-markers-collection/master/4x4_bch_13_9_3/118.png;false;;
119;https://raw.githubusercontent.com/evij-g/artoolkit-barcode-markers-collection/master/4x4_bch_13_9_3/119.png;false;;
120;https://raw.githubusercontent.com/evij-g/artoolkit-barcode-markers-collection/master/4x4_bch_13_9_3/120.png;false;;
121;https://raw.githubusercontent.com/evij-g/artoolkit-barcode-markers-collection/master/4x4_bch_13_9_3/121.png;false;;
122;https://raw.githubusercontent.com/evij-g/artoolkit-barcode-markers-collection/master/4x4_bch_13_9_3/122.png;false;;
123;https://raw.githubusercontent.com/evij-g/artoolkit-barcode-markers-collection/master/4x4_bch_13_9_3/123.png;false;;
124;https://raw.githubusercontent.com/evij-g/artoolkit-barcode-markers-collection/master/4x4_bch_13_9_3/124.png;false;;
125;https://raw.githubusercontent.com/evij-g/artoolkit-barcode-markers-collection/master/4x4_bch_13_9_3/125.png;false;;
126;https://raw.githubusercontent.com/evij-g/artoolkit-barcode-markers-collection/master/4x4_bch_13_9_3/126.png;false;;
127;https://raw.githubusercontent.com/evij-g/artoolkit-barcode-markers-collection/master/4x4_bch_13_9_3/127.png;false;;
128;https://raw.githubusercontent.com/evij-g/artoolkit-barcode-markers-collection/master/4x4_bch_13_9_3/128.png;false;;
129;https://raw.githubusercontent.com/evij-g/artoolkit-barcode-markers-collection/master/4x4_bch_13_9_3/129.png;false;;
130;https://raw.githubusercontent.com/evij-g/artoolkit-barcode-markers-collection/master/4x4_bch_13_9_3/130.png;false;;
131;https://raw.githubusercontent.com/evij-g/artoolkit-barcode-markers-collection/master/4x4_bch_13_9_3/131.png;false;;
132;https://raw.githubusercontent.com/evij-g/artoolkit-barcode-markers-collection/master/4x4_bch_13_9_3/132.png;false;;
133;https://raw.githubusercontent.com/evij-g/artoolkit-barcode-markers-collection/master/4x4_bch_13_9_3/133.png;false;;
134;https://raw.githubusercontent.com/evij-g/artoolkit-barcode-markers-collection/master/4x4_bch_13_9_3/134.png;false;;
135;https://raw.githubusercontent.com/evij-g/artoolkit-barcode-markers-collection/master/4x4_bch_13_9_3/135.png;false;;
136;https://raw.githubusercontent.com/evij-g/artoolkit-barcode-markers-collection/master/4x4_bch_13_9_3/136.png;false;;
137;https://raw.githubusercontent.com/evij-g/artoolkit-barcode-markers-collection/master/4x4_bch_13_9_3/137.png;false;;
138;https://raw.githubusercontent.com/evij-g/artoolkit-barcode-markers-collection/master/4x4_bch_13_9_3/138.png;false;;
139;https://raw.githubusercontent.com/evij-g/artoolkit-barcode-markers-collection/master/4x4_bch_13_9_3/139.png;false;;
140;https://raw.githubusercontent.com/evij-g/artoolkit-barcode-markers-collection/master/4x4_bch_13_9_3/140.png;false;;
141;https://raw.githubusercontent.com/evij-g/artoolkit-barcode-markers-collection/master/4x4_bch_13_9_3/141.png;false;;
142;https://raw.githubusercontent.com/evij-g/artoolkit-barcode-markers-collection/master/4x4_bch_13_9_3/142.png;false;;
143;https://raw.githubusercontent.com/evij-g/artoolkit-barcode-markers-collection/master/4x4_bch_13_9_3/143.png;false;;
144;https://raw.githubusercontent.com/evij-g/artoolkit-barcode-markers-collection/master/4x4_bch_13_9_3/144.png;false;;
145;https://raw.githubusercontent.com/evij-g/artoolkit-barcode-markers-collection/master/4x4_bch_13_9_3/145.png;false;;
146;https://raw.githubusercontent.com/evij-g/artoolkit-barcode-markers-collection/master/4x4_bch_13_9_3/146.png;false;;
147;https://raw.githubusercontent.com/evij-g/artoolkit-barcode-markers-collection/master/4x4_bch_13_9_3/147.png;false;;
148;https://raw.githubusercontent.com/evij-g/artoolkit-barcode-markers-collection/master/4x4_bch_13_9_3/148.png;false;;
149;https://raw.githubusercontent.com/evij-g/artoolkit-barcode-markers-collection/master/4x4_bch_13_9_3/149.png;false;;
150;https://raw.githubusercontent.com/evij-g/artoolkit-barcode-markers-collection/master/4x4_bch_13_9_3/150.png;false;;
151;https://raw.githubusercontent.com/evij-g/artoolkit-barcode-markers-collection/master/4x4_bch_13_9_3/151.png;false;;
152;https://raw.githubusercontent.com/evij-g/artoolkit-barcode-markers-collection/master/4x4_bch_13_9_3/152.png;false;;
153;https://raw.githubusercontent.com/evij-g/artoolkit-barcode-markers-collection/master/4x4_bch_13_9_3/153.png;false;;
154;https://raw.githubusercontent.com/evij-g/artoolkit-barcode-markers-collection/master/4x4_bch_13_9_3/154.png;false;;
155;https://raw.githubusercontent.com/evij-g/artoolkit-barcode-markers-collection/master/4x4_bch_13_9_3/155.png;false;;
156;https://raw.githubusercontent.com/evij-g/artoolkit-barcode-markers-collection/master/4x4_bch_13_9_3/156.png;false;;
157;https://raw.githubusercontent.com/evij-g/artoolkit-barcode-markers-collection/master/4x4_bch_13_9_3/157.png;false;;
158;https://raw.githubusercontent.com/evij-g/artoolkit-barcode-markers-collection/master/4x4_bch_13_9_3/158.png;false;;
159;https://raw.githubusercontent.com/evij-g/artoolkit-barcode-markers-collection/master/4x4_bch_13_9_3/159.png;false;;
160;https://raw.githubusercontent.com/evij-g/artoolkit-barcode-markers-collection/master/4x4_bch_13_9_3/160.png;false;;
161;https://raw.githubusercontent.com/evij-g/artoolkit-barcode-markers-collection/master/4x4_bch_13_9_3/161.png;false;;
162;https://raw.githubusercontent.com/evij-g/artoolkit-barcode-markers-collection/master/4x4_bch_13_9_3/162.png;false;;
163;https://raw.githubusercontent.com/evij-g/artoolkit-barcode-markers-collection/master/4x4_bch_13_9_3/163.png;false;;
164;https://raw.githubusercontent.com/evij-g/artoolkit-barcode-markers-collection/master/4x4_bch_13_9_3/164.png;false;;
165;https://raw.githubusercontent.com/evij-g/artoolkit-barcode-markers-collection/master/4x4_bch_13_9_3/165.png;false;;
166;https://raw.githubusercontent.com/evij-g/artoolkit-barcode-markers-collection/master/4x4_bch_13_9_3/166.png;false;;
167;https://raw.githubusercontent.com/evij-g/artoolkit-barcode-markers-collection/master/4x4_bch_13_9_3/167.png;false;;
168;https://raw.githubusercontent.com/evij-g/artoolkit-barcode-markers-collection/master/4x4_bch_13_9_3/168.png;false;;
169;https://raw.githubusercontent.com/evij-g/artoolkit-barcode-markers-collection/master/4x4_bch_13_9_3/169.png;false;;
170;https://raw.githubusercontent.com/evij-g/artoolkit-barcode-markers-collection/master/4x4_bch_13_9_3/170.png;false;;
171;https://raw.githubusercontent.com/evij-g/artoolkit-barcode-markers-collection/master/4x4_bch_13_9_3/171.png;false;;
172;https://raw.githubusercontent.com/evij-g/artoolkit-barcode-markers-collection/master/4x4_bch_13_9_3/172.png;false;;
173;https://raw.githubusercontent.com/evij-g/artoolkit-barcode-markers-collection/master/4x4_bch_13_9_3/173.png;false;;
174;https://raw.githubusercontent.com/evij-g/artoolkit-barcode-markers-collection/master/4x4_bch_13_9_3/174.png;false;;
175;https://raw.githubusercontent.com/evij-g/artoolkit-barcode-markers-collection/master/4x4_bch_13_9_3/175.png;false;;
176;https://raw.githubusercontent.com/evij-g/artoolkit-barcode-markers-collection/master/4x4_bch_13_9_3/176.png;false;;
177;https://raw.githubusercontent.com/evij-g/artoolkit-barcode-markers-collection/master/4x4_bch_13_9_3/177.png;false;;
178;https://raw.githubusercontent.com/evij-g/artoolkit-barcode-markers-collection/master/4x4_bch_13_9_3/178.png;false;;
179;https://raw.githubusercontent.com/evij-g/artoolkit-barcode-markers-collection/master/4x4_bch_13_9_3/179.png;false;;
180;https://raw.githubusercontent.com/evij-g/artoolkit-barcode-markers-collection/master/4x4_bch_13_9_3/180.png;false;;
181;https://raw.githubusercontent.com/evij-g/artoolkit-barcode-markers-collection/master/4x4_bch_13_9_3/181.png;false;;
182;https://raw.githubusercontent.com/evij-g/artoolkit-barcode-markers-collection/master/4x4_bch_13_9_3/182.png;false;;
183;https://raw.githubusercontent.com/evij-g/artoolkit-barcode-markers-collection/master/4x4_bch_13_9_3/183.png;false;;
184;https://raw.githubusercontent.com/evij-g/artoolkit-barcode-markers-collection/master/4x4_bch_13_9_3/184.png;false;;
185;https://raw.githubusercontent.com/evij-g/artoolkit-barcode-markers-collection/master/4x4_bch_13_9_3/185.png;false;;
186;https://raw.githubusercontent.com/evij-g/artoolkit-barcode-markers-collection/master/4x4_bch_13_9_3/186.png;false;;
187;https://raw.githubusercontent.com/evij-g/artoolkit-barcode-markers-collection/master/4x4_bch_13_9_3/187.png;false;;
188;https://raw.githubusercontent.com/evij-g/artoolkit-barcode-markers-collection/master/4x4_bch_13_9_3/188.png;false;;
189;https://raw.githubusercontent.com/evij-g/artoolkit-barcode-markers-collection/master/4x4_bch_13_9_3/189.png;false;;
190;https://raw.githubusercontent.com/evij-g/artoolkit-barcode-markers-collection/master/4x4_bch_13_9_3/190.png;false;;
191;https://raw.githubusercontent.com/evij-g/artoolkit-barcode-markers-collection/master/4x4_bch_13_9_3/191.png;false;;
192;https://raw.githubusercontent.com/evij-g/artoolkit-barcode-markers-collection/master/4x4_bch_13_9_3/192.png;false;;
193;https://raw.githubusercontent.com/evij-g/artoolkit-barcode-markers-collection/master/4x4_bch_13_9_3/193.png;false;;
194;https://raw.githubusercontent.com/evij-g/artoolkit-barcode-markers-collection/master/4x4_bch_13_9_3/194.png;false;;
195;https://raw.githubusercontent.com/evij-g/artoolkit-barcode-markers-collection/master/4x4_bch_13_9_3/195.png;false;;
196;https://raw.githubusercontent.com/evij-g/artoolkit-barcode-markers-collection/master/4x4_bch_13_9_3/196.png;false;;
197;https://raw.githubusercontent.com/evij-g/artoolkit-barcode-markers-collection/master/4x4_bch_13_9_3/197.png;false;;
198;https://raw.githubusercontent.com/evij-g/artoolkit-barcode-markers-collection/master/4x4_bch_13_9_3/198.png;false;;
199;https://raw.githubusercontent.com/evij-g/artoolkit-barcode-markers-collection/master/4x4_bch_13_9_3/199.png;false;;
200;https://raw.githubusercontent.com/evij-g/artoolkit-barcode-markers-collection/master/4x4_bch_13_9_3/200.png;false;;
201;https://raw.githubusercontent.com/evij-g/artoolkit-barcode-markers-collection/master/4x4_bch_13_9_3/201.png;false;;
202;https://raw.githubusercontent.com/evij-g/artoolkit-barcode-markers-collection/master/4x4_bch_13_9_3/202.png;false;;
203;https://raw.githubusercontent.com/evij-g/artoolkit-barcode-markers-collection/master/4x4_bch_13_9_3/203.png;false;;
204;https://raw.githubusercontent.com/evij-g/artoolkit-barcode-markers-collection/master/4x4_bch_13_9_3/204.png;false;;
205;https://raw.githubusercontent.com/evij-g/artoolkit-barcode-markers-collection/master/4x4_bch_13_9_3/205.png;false;;
206;https://raw.githubusercontent.com/evij-g/artoolkit-barcode-markers-collection/master/4x4_bch_13_9_3/206.png;false;;
207;https://raw.githubusercontent.com/evij-g/artoolkit-barcode-markers-collection/master/4x4_bch_13_9_3/207.png;false;;
208;https://raw.githubusercontent.com/evij-g/artoolkit-barcode-markers-collection/master/4x4_bch_13_9_3/208.png;false;;
209;https://raw.githubusercontent.com/evij-g/artoolkit-barcode-markers-collection/master/4x4_bch_13_9_3/209.png;false;;
210;https://raw.githubusercontent.com/evij-g/artoolkit-barcode-markers-collection/master/4x4_bch_13_9_3/210.png;false;;
211;https://raw.githubusercontent.com/evij-g/artoolkit-barcode-markers-collection/master/4x4_bch_13_9_3/211.png;false;;
212;https://raw.githubusercontent.com/evij-g/artoolkit-barcode-markers-collection/master/4x4_bch_13_9_3/212.png;false;;
213;https://raw.githubusercontent.com/evij-g/artoolkit-barcode-markers-collection/master/4x4_bch_13_9_3/213.png;false;;
214;https://raw.githubusercontent.com/evij-g/artoolkit-barcode-markers-collection/master/4x4_bch_13_9_3/214.png;false;;
215;https://raw.githubusercontent.com/evij-g/artoolkit-barcode-markers-collection/master/4x4_bch_13_9_3/215.png;false;;
216;https://raw.githubusercontent.com/evij-g/artoolkit-barcode-markers-collection/master/4x4_bch_13_9_3/216.png;false;;
217;https://raw.githubusercontent.com/evij-g/artoolkit-barcode-markers-collection/master/4x4_bch_13_9_3/217.png;false;;
218;https://raw.githubusercontent.com/evij-g/artoolkit-barcode-markers-collection/master/4x4_bch_13_9_3/218.png;false;;
219;https://raw.githubusercontent.com/evij-g/artoolkit-barcode-markers-collection/master/4x4_bch_13_9_3/219.png;false;;
220;https://raw.githubusercontent.com/evij-g/artoolkit-barcode-markers-collection/master/4x4_bch_13_9_3/220.png;false;;
221;https://raw.githubusercontent.com/evij-g/artoolkit-barcode-markers-collection/master/4x4_bch_13_9_3/221.png;false;;
222;https://raw.githubusercontent.com/evij-g/artoolkit-barcode-markers-collection/master/4x4_bch_13_9_3/222.png;false;;
223;https://raw.githubusercontent.com/evij-g/artoolkit-barcode-markers-collection/master/4x4_bch_13_9_3/223.png;false;;
224;https://raw.githubusercontent.com/evij-g/artoolkit-barcode-markers-collection/master/4x4_bch_13_9_3/224.png;false;;
225;https://raw.githubusercontent.com/evij-g/artoolkit-barcode-markers-collection/master/4x4_bch_13_9_3/225.png;false;;
226;https://raw.githubusercontent.com/evij-g/artoolkit-barcode-markers-collection/master/4x4_bch_13_9_3/226.png;false;;
227;https://raw.githubusercontent.com/evij-g/artoolkit-barcode-markers-collection/master/4x4_bch_13_9_3/227.png;false;;
228;https://raw.githubusercontent.com/evij-g/artoolkit-barcode-markers-collection/master/4x4_bch_13_9_3/228.png;false;;
229;https://raw.githubusercontent.com/evij-g/artoolkit-barcode-markers-collection/master/4x4_bch_13_9_3/229.png;false;;
230;https://raw.githubusercontent.com/evij-g/artoolkit-barcode-markers-collection/master/4x4_bch_13_9_3/230.png;false;;
231;https://raw.githubusercontent.com/evij-g/artoolkit-barcode-markers-collection/master/4x4_bch_13_9_3/231.png;false;;
232;https://raw.githubusercontent.com/evij-g/artoolkit-barcode-markers-collection/master/4x4_bch_13_9_3/232.png;false;;
233;https://raw.githubusercontent.com/evij-g/artoolkit-barcode-markers-collection/master/4x4_bch_13_9_3/233.png;false;;
234;https://raw.githubusercontent.com/evij-g/artoolkit-barcode-markers-collection/master/4x4_bch_13_9_3/234.png;false;;
235;https://raw.githubusercontent.com/evij-g/artoolkit-barcode-markers-collection/master/4x4_bch_13_9_3/235.png;false;;
236;https://raw.githubusercontent.com/evij-g/artoolkit-barcode-markers-collection/master/4x4_bch_13_9_3/236.png;false;;
237;https://raw.githubusercontent.com/evij-g/artoolkit-barcode-markers-collection/master/4x4_bch_13_9_3/237.png;false;;
238;https://raw.githubusercontent.com/evij-g/artoolkit-barcode-markers-collection/master/4x4_bch_13_9_3/238.png;false;;
239;https://raw.githubusercontent.com/evij-g/artoolkit-barcode-markers-collection/master/4x4_bch_13_9_3/239.png;false;;
240;https://raw.githubusercontent.com/evij-g/artoolkit-barcode-markers-collection/master/4x4_bch_13_9_3/240.png;false;;
241;https://raw.githubusercontent.com/evij-g/artoolkit-barcode-markers-collection/master/4x4_bch_13_9_3/241.png;false;;
242;https://raw.githubusercontent.com/evij-g/artoolkit-barcode-markers-collection/master/4x4_bch_13_9_3/242.png;false;;
243;https://raw.githubusercontent.com/evij-g/artoolkit-barcode-markers-collection/master/4x4_bch_13_9_3/243.png;false;;
244;https://raw.githubusercontent.com/evij-g/artoolkit-barcode-markers-collection/master/4x4_bch_13_9_3/244.png;false;;
245;https://raw.githubusercontent.com/evij-g/artoolkit-barcode-markers-collection/master/4x4_bch_13_9_3/245.png;false;;
246;https://raw.githubusercontent.com/evij-g/artoolkit-barcode-markers-collection/master/4x4_bch_13_9_3/246.png;false;;
247;https://raw.githubusercontent.com/evij-g/artoolkit-barcode-markers-collection/master/4x4_bch_13_9_3/247.png;false;;
248;https://raw.githubusercontent.com/evij-g/artoolkit-barcode-markers-collection/master/4x4_bch_13_9_3/248.png;false;;
249;https://raw.githubusercontent.com/evij-g/artoolkit-barcode-markers-collection/master/4x4_bch_13_9_3/249.png;false;;
250;https://raw.githubusercontent.com/evij-g/artoolkit-barcode-markers-collection/master/4x4_bch_13_9_3/250.png;false;;
251;https://raw.githubusercontent.com/evij-g/artoolkit-barcode-markers-collection/master/4x4_bch_13_9_3/251.png;false;;
252;https://raw.githubusercontent.com/evij-g/artoolkit-barcode-markers-collection/master/4x4_bch_13_9_3/252.png;false;;
253;https://raw.githubusercontent.com/evij-g/artoolkit-barcode-markers-collection/master/4x4_bch_13_9_3/253.png;false;;
254;https://raw.githubusercontent.com/evij-g/artoolkit-barcode-markers-collection/master/4x4_bch_13_9_3/254.png;false;;
255;https://raw.githubusercontent.com/evij-g/artoolkit-barcode-markers-collection/master/4x4_bch_13_9_3/255.png;false;;
256;https://raw.githubusercontent.com/evij-g/artoolkit-barcode-markers-collection/master/4x4_bch_13_9_3/256.png;false;;
257;https://raw.githubusercontent.com/evij-g/artoolkit-barcode-markers-collection/master/4x4_bch_13_9_3/257.png;false;;
258;https://raw.githubusercontent.com/evij-g/artoolkit-barcode-markers-collection/master/4x4_bch_13_9_3/258.png;false;;
259;https://raw.githubusercontent.com/evij-g/artoolkit-barcode-markers-collection/master/4x4_bch_13_9_3/259.png;false;;
260;https://raw.githubusercontent.com/evij-g/artoolkit-barcode-markers-collection/master/4x4_bch_13_9_3/260.png;false;;
261;https://raw.githubusercontent.com/evij-g/artoolkit-barcode-markers-collection/master/4x4_bch_13_9_3/261.png;false;;
262;https://raw.githubusercontent.com/evij-g/artoolkit-barcode-markers-collection/master/4x4_bch_13_9_3/262.png;false;;
263;https://raw.githubusercontent.com/evij-g/artoolkit-barcode-markers-collection/master/4x4_bch_13_9_3/263.png;false;;
264;https://raw.githubusercontent.com/evij-g/artoolkit-barcode-markers-collection/master/4x4_bch_13_9_3/264.png;false;;
265;https://raw.githubusercontent.com/evij-g/artoolkit-barcode-markers-collection/master/4x4_bch_13_9_3/265.png;false;;
266;https://raw.githubusercontent.com/evij-g/artoolkit-barcode-markers-collection/master/4x4_bch_13_9_3/266.png;false;;
267;https://raw.githubusercontent.com/evij-g/artoolkit-barcode-markers-collection/master/4x4_bch_13_9_3/267.png;false;;
268;https://raw.githubusercontent.com/evij-g/artoolkit-barcode-markers-collection/master/4x4_bch_13_9_3/268.png;false;;
269;https://raw.githubusercontent.com/evij-g/artoolkit-barcode-markers-collection/master/4x4_bch_13_9_3/269.png;false;;
270;https://raw.githubusercontent.com/evij-g/artoolkit-barcode-markers-collection/master/4x4_bch_13_9_3/270.png;false;;
271;https://raw.githubusercontent.com/evij-g/artoolkit-barcode-markers-collection/master/4x4_bch_13_9_3/271.png;false;;
272;https://raw.githubusercontent.com/evij-g/artoolkit-barcode-markers-collection/master/4x4_bch_13_9_3/272.png;false;;
273;https://raw.githubusercontent.com/evij-g/artoolkit-barcode-markers-collection/master/4x4_bch_13_9_3/273.png;false;;
274;https://raw.githubusercontent.com/evij-g/artoolkit-barcode-markers-collection/master/4x4_bch_13_9_3/274.png;false;;
275;https://raw.githubusercontent.com/evij-g/artoolkit-barcode-markers-collection/master/4x4_bch_13_9_3/275.png;false;;
276;https://raw.githubusercontent.com/evij-g/artoolkit-barcode-markers-collection/master/4x4_bch_13_9_3/276.png;false;;
277;https://raw.githubusercontent.com/evij-g/artoolkit-barcode-markers-collection/master/4x4_bch_13_9_3/277.png;false;;
278;https://raw.githubusercontent.com/evij-g/artoolkit-barcode-markers-collection/master/4x4_bch_13_9_3/278.png;false;;
279;https://raw.githubusercontent.com/evij-g/artoolkit-barcode-markers-collection/master/4x4_bch_13_9_3/279.png;false;;
280;https://raw.githubusercontent.com/evij-g/artoolkit-barcode-markers-collection/master/4x4_bch_13_9_3/280.png;false;;
281;https://raw.githubusercontent.com/evij-g/artoolkit-barcode-markers-collection/master/4x4_bch_13_9_3/281.png;false;;
282;https://raw.githubusercontent.com/evij-g/artoolkit-barcode-markers-collection/master/4x4_bch_13_9_3/282.png;false;;
283;https://raw.githubusercontent.com/evij-g/artoolkit-barcode-markers-collection/master/4x4_bch_13_9_3/283.png;false;;
284;https://raw.githubusercontent.com/evij-g/artoolkit-barcode-markers-collection/master/4x4_bch_13_9_3/284.png;false;;
285;https://raw.githubusercontent.com/evij-g/artoolkit-barcode-markers-collection/master/4x4_bch_13_9_3/285.png;false;;
286;https://raw.githubusercontent.com/evij-g/artoolkit-barcode-markers-collection/master/4x4_bch_13_9_3/286.png;false;;
287;https://raw.githubusercontent.com/evij-g/artoolkit-barcode-markers-collection/master/4x4_bch_13_9_3/287.png;false;;
288;https://raw.githubusercontent.com/evij-g/artoolkit-barcode-markers-collection/master/4x4_bch_13_9_3/288.png;false;;
289;https://raw.githubusercontent.com/evij-g/artoolkit-barcode-markers-collection/master/4x4_bch_13_9_3/289.png;false;;
290;https://raw.githubusercontent.com/evij-g/artoolkit-barcode-markers-collection/master/4x4_bch_13_9_3/290.png;false;;
291;https://raw.githubusercontent.com/evij-g/artoolkit-barcode-markers-collection/master/4x4_bch_13_9_3/291.png;false;;
292;https://raw.githubusercontent.com/evij-g/artoolkit-barcode-markers-collection/master/4x4_bch_13_9_3/292.png;false;;
293;https://raw.githubusercontent.com/evij-g/artoolkit-barcode-markers-collection/master/4x4_bch_13_9_3/293.png;false;;
294;https://raw.githubusercontent.com/evij-g/artoolkit-barcode-markers-collection/master/4x4_bch_13_9_3/294.png;false;;
295;https://raw.githubusercontent.com/evij-g/artoolkit-barcode-markers-collection/master/4x4_bch_13_9_3/295.png;false;;
296;https://raw.githubusercontent.com/evij-g/artoolkit-barcode-markers-collection/master/4x4_bch_13_9_3/296.png;false;;
297;https://raw.githubusercontent.com/evij-g/artoolkit-barcode-markers-collection/master/4x4_bch_13_9_3/297.png;false;;
298;https://raw.githubusercontent.com/evij-g/artoolkit-barcode-markers-collection/master/4x4_bch_13_9_3/298.png;false;;
299;https://raw.githubusercontent.com/evij-g/artoolkit-barcode-markers-collection/master/4x4_bch_13_9_3/299.png;false;;
300;https://raw.githubusercontent.com/evij-g/artoolkit-barcode-markers-collection/master/4x4_bch_13_9_3/300.png;false;;
301;https://raw.githubusercontent.com/evij-g/artoolkit-barcode-markers-collection/master/4x4_bch_13_9_3/301.png;false;;
302;https://raw.githubusercontent.com/evij-g/artoolkit-barcode-markers-collection/master/4x4_bch_13_9_3/302.png;false;;
303;https://raw.githubusercontent.com/evij-g/artoolkit-barcode-markers-collection/master/4x4_bch_13_9_3/303.png;false;;
304;https://raw.githubusercontent.com/evij-g/artoolkit-barcode-markers-collection/master/4x4_bch_13_9_3/304.png;false;;
305;https://raw.githubusercontent.com/evij-g/artoolkit-barcode-markers-collection/master/4x4_bch_13_9_3/305.png;false;;
306;https://raw.githubusercontent.com/evij-g/artoolkit-barcode-markers-collection/master/4x4_bch_13_9_3/306.png;false;;
307;https://raw.githubusercontent.com/evij-g/artoolkit-barcode-markers-collection/master/4x4_bch_13_9_3/307.png;false;;
308;https://raw.githubusercontent.com/evij-g/artoolkit-barcode-markers-collection/master/4x4_bch_13_9_3/308.png;false;;
309;https://raw.githubusercontent.com/evij-g/artoolkit-barcode-markers-collection/master/4x4_bch_13_9_3/309.png;false;;
310;https://raw.githubusercontent.com/evij-g/artoolkit-barcode-markers-collection/master/4x4_bch_13_9_3/310.png;false;;
311;https://raw.githubusercontent.com/evij-g/artoolkit-barcode-markers-collection/master/4x4_bch_13_9_3/311.png;false;;
312;https://raw.githubusercontent.com/evij-g/artoolkit-barcode-markers-collection/master/4x4_bch_13_9_3/312.png;false;;
313;https://raw.githubusercontent.com/evij-g/artoolkit-barcode-markers-collection/master/4x4_bch_13_9_3/313.png;false;;
314;https://raw.githubusercontent.com/evij-g/artoolkit-barcode-markers-collection/master/4x4_bch_13_9_3/314.png;false;;
315;https://raw.githubusercontent.com/evij-g/artoolkit-barcode-markers-collection/master/4x4_bch_13_9_3/315.png;false;;
316;https://raw.githubusercontent.com/evij-g/artoolkit-barcode-markers-collection/master/4x4_bch_13_9_3/316.png;false;;
317;https://raw.githubusercontent.com/evij-g/artoolkit-barcode-markers-collection/master/4x4_bch_13_9_3/317.png;false;;
318;https://raw.githubusercontent.com/evij-g/artoolkit-barcode-markers-collection/master/4x4_bch_13_9_3/318.png;false;;
319;https://raw.githubusercontent.com/evij-g/artoolkit-barcode-markers-collection/master/4x4_bch_13_9_3/319.png;false;;
320;https://raw.githubusercontent.com/evij-g/artoolkit-barcode-markers-collection/master/4x4_bch_13_9_3/320.png;false;;
321;https://raw.githubusercontent.com/evij-g/artoolkit-barcode-markers-collection/master/4x4_bch_13_9_3/321.png;false;;
322;https://raw.githubusercontent.com/evij-g/artoolkit-barcode-markers-collection/master/4x4_bch_13_9_3/322.png;false;;
323;https://raw.githubusercontent.com/evij-g/artoolkit-barcode-markers-collection/master/4x4_bch_13_9_3/323.png;false;;
324;https://raw.githubusercontent.com/evij-g/artoolkit-barcode-markers-collection/master/4x4_bch_13_9_3/324.png;false;;
325;https://raw.githubusercontent.com/evij-g/artoolkit-barcode-markers-collection/master/4x4_bch_13_9_3/325.png;false;;
326;https://raw.githubusercontent.com/evij-g/artoolkit-barcode-markers-collection/master/4x4_bch_13_9_3/326.png;false;;
327;https://raw.githubusercontent.com/evij-g/artoolkit-barcode-markers-collection/master/4x4_bch_13_9_3/327.png;false;;
328;https://raw.githubusercontent.com/evij-g/artoolkit-barcode-markers-collection/master/4x4_bch_13_9_3/328.png;false;;
329;https://raw.githubusercontent.com/evij-g/artoolkit-barcode-markers-collection/master/4x4_bch_13_9_3/329.png;false;;
330;https://raw.githubusercontent.com/evij-g/artoolkit-barcode-markers-collection/master/4x4_bch_13_9_3/330.png;false;;
331;https://raw.githubusercontent.com/evij-g/artoolkit-barcode-markers-collection/master/4x4_bch_13_9_3/331.png;false;;
332;https://raw.githubusercontent.com/evij-g/artoolkit-barcode-markers-collection/master/4x4_bch_13_9_3/332.png;false;;
333;https://raw.githubusercontent.com/evij-g/artoolkit-barcode-markers-collection/master/4x4_bch_13_9_3/333.png;false;;
334;https://raw.githubusercontent.com/evij-g/artoolkit-barcode-markers-collection/master/4x4_bch_13_9_3/334.png;false;;
335;https://raw.githubusercontent.com/evij-g/artoolkit-barcode-markers-collection/master/4x4_bch_13_9_3/335.png;false;;
336;https://raw.githubusercontent.com/evij-g/artoolkit-barcode-markers-collection/master/4x4_bch_13_9_3/336.png;false;;
337;https://raw.githubusercontent.com/evij-g/artoolkit-barcode-markers-collection/master/4x4_bch_13_9_3/337.png;false;;
338;https://raw.githubusercontent.com/evij-g/artoolkit-barcode-markers-collection/master/4x4_bch_13_9_3/338.png;false;;
339;https://raw.githubusercontent.com/evij-g/artoolkit-barcode-markers-collection/master/4x4_bch_13_9_3/339.png;false;;
340;https://raw.githubusercontent.com/evij-g/artoolkit-barcode-markers-collection/master/4x4_bch_13_9_3/340.png;false;;
341;https://raw.githubusercontent.com/evij-g/artoolkit-barcode-markers-collection/master/4x4_bch_13_9_3/341.png;false;;
342;https://raw.githubusercontent.com/evij-g/artoolkit-barcode-markers-collection/master/4x4_bch_13_9_3/342.png;false;;
343;https://raw.githubusercontent.com/evij-g/artoolkit-barcode-markers-collection/master/4x4_bch_13_9_3/343.png;false;;
344;https://raw.githubusercontent.com/evij-g/artoolkit-barcode-markers-collection/master/4x4_bch_13_9_3/344.png;false;;
345;https://raw.githubusercontent.com/evij-g/artoolkit-barcode-markers-collection/master/4x4_bch_13_9_3/345.png;false;;
346;https://raw.githubusercontent.com/evij-g/artoolkit-barcode-markers-collection/master/4x4_bch_13_9_3/346.png;false;;
347;https://raw.githubusercontent.com/evij-g/artoolkit-barcode-markers-collection/master/4x4_bch_13_9_3/347.png;false;;
348;https://raw.githubusercontent.com/evij-g/artoolkit-barcode-markers-collection/master/4x4_bch_13_9_3/348.png;false;;
349;https://raw.githubusercontent.com/evij-g/artoolkit-barcode-markers-collection/master/4x4_bch_13_9_3/349.png;false;;
350;https://raw.githubusercontent.com/evij-g/artoolkit-barcode-markers-collection/master/4x4_bch_13_9_3/350.png;false;;
351;https://raw.githubusercontent.com/evij-g/artoolkit-barcode-markers-collection/master/4x4_bch_13_9_3/351.png;false;;
352;https://raw.githubusercontent.com/evij-g/artoolkit-barcode-markers-collection/master/4x4_bch_13_9_3/352.png;false;;
353;https://raw.githubusercontent.com/evij-g/artoolkit-barcode-markers-collection/master/4x4_bch_13_9_3/353.png;false;;
354;https://raw.githubusercontent.com/evij-g/artoolkit-barcode-markers-collection/master/4x4_bch_13_9_3/354.png;false;;
355;https://raw.githubusercontent.com/evij-g/artoolkit-barcode-markers-collection/master/4x4_bch_13_9_3/355.png;false;;
356;https://raw.githubusercontent.com/evij-g/artoolkit-barcode-markers-collection/master/4x4_bch_13_9_3/356.png;false;;
357;https://raw.githubusercontent.com/evij-g/artoolkit-barcode-markers-collection/master/4x4_bch_13_9_3/357.png;false;;
358;https://raw.githubusercontent.com/evij-g/artoolkit-barcode-markers-collection/master/4x4_bch_13_9_3/358.png;false;;
359;https://raw.githubusercontent.com/evij-g/artoolkit-barcode-markers-collection/master/4x4_bch_13_9_3/359.png;false;;
360;https://raw.githubusercontent.com/evij-g/artoolkit-barcode-markers-collection/master/4x4_bch_13_9_3/360.png;false;;
361;https://raw.githubusercontent.com/evij-g/artoolkit-barcode-markers-collection/master/4x4_bch_13_9_3/361.png;false;;
362;https://raw.githubusercontent.com/evij-g/artoolkit-barcode-markers-collection/master/4x4_bch_13_9_3/362.png;false;;
363;https://raw.githubusercontent.com/evij-g/artoolkit-barcode-markers-collection/master/4x4_bch_13_9_3/363.png;false;;
364;https://raw.githubusercontent.com/evij-g/artoolkit-barcode-markers-collection/master/4x4_bch_13_9_3/364.png;false;;
365;https://raw.githubusercontent.com/evij-g/artoolkit-barcode-markers-collection/master/4x4_bch_13_9_3/365.png;false;;
366;https://raw.githubusercontent.com/evij-g/artoolkit-barcode-markers-collection/master/4x4_bch_13_9_3/366.png;false;;
367;https://raw.githubusercontent.com/evij-g/artoolkit-barcode-markers-collection/master/4x4_bch_13_9_3/367.png;false;;
368;https://raw.githubusercontent.com/evij-g/artoolkit-barcode-markers-collection/master/4x4_bch_13_9_3/368.png;false;;
369;https://raw.githubusercontent.com/evij-g/artoolkit-barcode-markers-collection/master/4x4_bch_13_9_3/369.png;false;;
370;https://raw.githubusercontent.com/evij-g/artoolkit-barcode-markers-collection/master/4x4_bch_13_9_3/370.png;false;;
371;https://raw.githubusercontent.com/evij-g/artoolkit-barcode-markers-collection/master/4x4_bch_13_9_3/371.png;false;;
372;https://raw.githubusercontent.com/evij-g/artoolkit-barcode-markers-collection/master/4x4_bch_13_9_3/372.png;false;;
373;https://raw.githubusercontent.com/evij-g/artoolkit-barcode-markers-collection/master/4x4_bch_13_9_3/373.png;false;;
374;https://raw.githubusercontent.com/evij-g/artoolkit-barcode-markers-collection/master/4x4_bch_13_9_3/374.png;false;;
375;https://raw.githubusercontent.com/evij-g/artoolkit-barcode-markers-collection/master/4x4_bch_13_9_3/375.png;false;;
376;https://raw.githubusercontent.com/evij-g/artoolkit-barcode-markers-collection/master/4x4_bch_13_9_3/376.png;false;;
377;https://raw.githubusercontent.com/evij-g/artoolkit-barcode-markers-collection/master/4x4_bch_13_9_3/377.png;false;;
378;https://raw.githubusercontent.com/evij-g/artoolkit-barcode-markers-collection/master/4x4_bch_13_9_3/378.png;false;;
379;https://raw.githubusercontent.com/evij-g/artoolkit-barcode-markers-collection/master/4x4_bch_13_9_3/379.png;false;;
380;https://raw.githubusercontent.com/evij-g/artoolkit-barcode-markers-collection/master/4x4_bch_13_9_3/380.png;false;;
381;https://raw.githubusercontent.com/evij-g/artoolkit-barcode-markers-collection/master/4x4_bch_13_9_3/381.png;false;;
382;https://raw.githubusercontent.com/evij-g/artoolkit-barcode-markers-collection/master/4x4_bch_13_9_3/382.png;false;;
383;https://raw.githubusercontent.com/evij-g/artoolkit-barcode-markers-collection/master/4x4_bch_13_9_3/383.png;false;;
384;https://raw.githubusercontent.com/evij-g/artoolkit-barcode-markers-collection/master/4x4_bch_13_9_3/384.png;false;;
385;https://raw.githubusercontent.com/evij-g/artoolkit-barcode-markers-collection/master/4x4_bch_13_9_3/385.png;false;;
386;https://raw.githubusercontent.com/evij-g/artoolkit-barcode-markers-collection/master/4x4_bch_13_9_3/386.png;false;;
387;https://raw.githubusercontent.com/evij-g/artoolkit-barcode-markers-collection/master/4x4_bch_13_9_3/387.png;false;;
388;https://raw.githubusercontent.com/evij-g/artoolkit-barcode-markers-collection/master/4x4_bch_13_9_3/388.png;false;;
389;https://raw.githubusercontent.com/evij-g/artoolkit-barcode-markers-collection/master/4x4_bch_13_9_3/389.png;false;;
390;https://raw.githubusercontent.com/evij-g/artoolkit-barcode-markers-collection/master/4x4_bch_13_9_3/390.png;false;;
391;https://raw.githubusercontent.com/evij-g/artoolkit-barcode-markers-collection/master/4x4_bch_13_9_3/391.png;false;;
392;https://raw.githubusercontent.com/evij-g/artoolkit-barcode-markers-collection/master/4x4_bch_13_9_3/392.png;false;;
393;https://raw.githubusercontent.com/evij-g/artoolkit-barcode-markers-collection/master/4x4_bch_13_9_3/393.png;false;;
394;https://raw.githubusercontent.com/evij-g/artoolkit-barcode-markers-collection/master/4x4_bch_13_9_3/394.png;false;;
395;https://raw.githubusercontent.com/evij-g/artoolkit-barcode-markers-collection/master/4x4_bch_13_9_3/395.png;false;;
396;https://raw.githubusercontent.com/evij-g/artoolkit-barcode-markers-collection/master/4x4_bch_13_9_3/396.png;false;;
397;https://raw.githubusercontent.com/evij-g/artoolkit-barcode-markers-collection/master/4x4_bch_13_9_3/397.png;false;;
398;https://raw.githubusercontent.com/evij-g/artoolkit-barcode-markers-collection/master/4x4_bch_13_9_3/398.png;false;;
399;https://raw.githubusercontent.com/evij-g/artoolkit-barcode-markers-collection/master/4x4_bch_13_9_3/399.png;false;;
400;https://raw.githubusercontent.com/evij-g/artoolkit-barcode-markers-collection/master/4x4_bch_13_9_3/400.png;false;;
401;https://raw.githubusercontent.com/evij-g/artoolkit-barcode-markers-collection/master/4x4_bch_13_9_3/401.png;false;;
402;https://raw.githubusercontent.com/evij-g/artoolkit-barcode-markers-collection/master/4x4_bch_13_9_3/402.png;false;;
403;https://raw.githubusercontent.com/evij-g/artoolkit-barcode-markers-collection/master/4x4_bch_13_9_3/403.png;false;;
404;https://raw.githubusercontent.com/evij-g/artoolkit-barcode-markers-collection/master/4x4_bch_13_9_3/404.png;false;;
405;https://raw.githubusercontent.com/evij-g/artoolkit-barcode-markers-collection/master/4x4_bch_13_9_3/405.png;false;;
406;https://raw.githubusercontent.com/evij-g/artoolkit-barcode-markers-collection/master/4x4_bch_13_9_3/406.png;false;;
407;https://raw.githubusercontent.com/evij-g/artoolkit-barcode-markers-collection/master/4x4_bch_13_9_3/407.png;false;;
408;https://raw.githubusercontent.com/evij-g/artoolkit-barcode-markers-collection/master/4x4_bch_13_9_3/408.png;false;;
409;https://raw.githubusercontent.com/evij-g/artoolkit-barcode-markers-collection/master/4x4_bch_13_9_3/409.png;false;;
410;https://raw.githubusercontent.com/evij-g/artoolkit-barcode-markers-collection/master/4x4_bch_13_9_3/410.png;false;;
411;https://raw.githubusercontent.com/evij-g/artoolkit-barcode-markers-collection/master/4x4_bch_13_9_3/411.png;false;;
412;https://raw.githubusercontent.com/evij-g/artoolkit-barcode-markers-collection/master/4x4_bch_13_9_3/412.png;false;;
413;https://raw.githubusercontent.com/evij-g/artoolkit-barcode-markers-collection/master/4x4_bch_13_9_3/413.png;false;;
414;https://raw.githubusercontent.com/evij-g/artoolkit-barcode-markers-collection/master/4x4_bch_13_9_3/414.png;false;;
415;https://raw.githubusercontent.com/evij-g/artoolkit-barcode-markers-collection/master/4x4_bch_13_9_3/415.png;false;;
416;https://raw.githubusercontent.com/evij-g/artoolkit-barcode-markers-collection/master/4x4_bch_13_9_3/416.png;false;;
417;https://raw.githubusercontent.com/evij-g/artoolkit-barcode-markers-collection/master/4x4_bch_13_9_3/417.png;false;;
418;https://raw.githubusercontent.com/evij-g/artoolkit-barcode-markers-collection/master/4x4_bch_13_9_3/418.png;false;;
419;https://raw.githubusercontent.com/evij-g/artoolkit-barcode-markers-collection/master/4x4_bch_13_9_3/419.png;false;;
420;https://raw.githubusercontent.com/evij-g/artoolkit-barcode-markers-collection/master/4x4_bch_13_9_3/420.png;false;;
421;https://raw.githubusercontent.com/evij-g/artoolkit-barcode-markers-collection/master/4x4_bch_13_9_3/421.png;false;;
422;https://raw.githubusercontent.com/evij-g/artoolkit-barcode-markers-collection/master/4x4_bch_13_9_3/422.png;false;;
423;https://raw.githubusercontent.com/evij-g/artoolkit-barcode-markers-collection/master/4x4_bch_13_9_3/423.png;false;;
424;https://raw.githubusercontent.com/evij-g/artoolkit-barcode-markers-collection/master/4x4_bch_13_9_3/424.png;false;;
425;https://raw.githubusercontent.com/evij-g/artoolkit-barcode-markers-collection/master/4x4_bch_13_9_3/425.png;false;;
426;https://raw.githubusercontent.com/evij-g/artoolkit-barcode-markers-collection/master/4x4_bch_13_9_3/426.png;false;;
427;https://raw.githubusercontent.com/evij-g/artoolkit-barcode-markers-collection/master/4x4_bch_13_9_3/427.png;false;;
428;https://raw.githubusercontent.com/evij-g/artoolkit-barcode-markers-collection/master/4x4_bch_13_9_3/428.png;false;;
429;https://raw.githubusercontent.com/evij-g/artoolkit-barcode-markers-collection/master/4x4_bch_13_9_3/429.png;false;;
430;https://raw.githubusercontent.com/evij-g/artoolkit-barcode-markers-collection/master/4x4_bch_13_9_3/430.png;false;;
431;https://raw.githubusercontent.com/evij-g/artoolkit-barcode-markers-collection/master/4x4_bch_13_9_3/431.png;false;;
432;https://raw.githubusercontent.com/evij-g/artoolkit-barcode-markers-collection/master/4x4_bch_13_9_3/432.png;false;;
433;https://raw.githubusercontent.com/evij-g/artoolkit-barcode-markers-collection/master/4x4_bch_13_9_3/433.png;false;;
434;https://raw.githubusercontent.com/evij-g/artoolkit-barcode-markers-collection/master/4x4_bch_13_9_3/434.png;false;;
435;https://raw.githubusercontent.com/evij-g/artoolkit-barcode-markers-collection/master/4x4_bch_13_9_3/435.png;false;;
436;https://raw.githubusercontent.com/evij-g/artoolkit-barcode-markers-collection/master/4x4_bch_13_9_3/436.png;false;;
437;https://raw.githubusercontent.com/evij-g/artoolkit-barcode-markers-collection/master/4x4_bch_13_9_3/437.png;false;;
438;https://raw.githubusercontent.com/evij-g/artoolkit-barcode-markers-collection/master/4x4_bch_13_9_3/438.png;false;;
439;https://raw.githubusercontent.com/evij-g/artoolkit-barcode-markers-collection/master/4x4_bch_13_9_3/439.png;false;;
440;https://raw.githubusercontent.com/evij-g/artoolkit-barcode-markers-collection/master/4x4_bch_13_9_3/440.png;false;;
441;https://raw.githubusercontent.com/evij-g/artoolkit-barcode-markers-collection/master/4x4_bch_13_9_3/441.png;false;;
442;https://raw.githubusercontent.com/evij-g/artoolkit-barcode-markers-collection/master/4x4_bch_13_9_3/442.png;false;;
443;https://raw.githubusercontent.com/evij-g/artoolkit-barcode-markers-collection/master/4x4_bch_13_9_3/443.png;false;;
444;https://raw.githubusercontent.com/evij-g/artoolkit-barcode-markers-collection/master/4x4_bch_13_9_3/444.png;false;;
445;https://raw.githubusercontent.com/evij-g/artoolkit-barcode-markers-collection/master/4x4_bch_13_9_3/445.png;false;;
446;https://raw.githubusercontent.com/evij-g/artoolkit-barcode-markers-collection/master/4x4_bch_13_9_3/446.png;false;;
447;https://raw.githubusercontent.com/evij-g/artoolkit-barcode-markers-collection/master/4x4_bch_13_9_3/447.png;false;;
448;https://raw.githubusercontent.com/evij-g/artoolkit-barcode-markers-collection/master/4x4_bch_13_9_3/448.png;false;;
449;https://raw.githubusercontent.com/evij-g/artoolkit-barcode-markers-collection/master/4x4_bch_13_9_3/449.png;false;;
450;https://raw.githubusercontent.com/evij-g/artoolkit-barcode-markers-collection/master/4x4_bch_13_9_3/450.png;false;;
451;https://raw.githubusercontent.com/evij-g/artoolkit-barcode-markers-collection/master/4x4_bch_13_9_3/451.png;false;;
452;https://raw.githubusercontent.com/evij-g/artoolkit-barcode-markers-collection/master/4x4_bch_13_9_3/452.png;false;;
453;https://raw.githubusercontent.com/evij-g/artoolkit-barcode-markers-collection/master/4x4_bch_13_9_3/453.png;false;;
454;https://raw.githubusercontent.com/evij-g/artoolkit-barcode-markers-collection/master/4x4_bch_13_9_3/454.png;false;;
455;https://raw.githubusercontent.com/evij-g/artoolkit-barcode-markers-collection/master/4x4_bch_13_9_3/455.png;false;;
456;https://raw.githubusercontent.com/evij-g/artoolkit-barcode-markers-collection/master/4x4_bch_13_9_3/456.png;false;;
457;https://raw.githubusercontent.com/evij-g/artoolkit-barcode-markers-collection/master/4x4_bch_13_9_3/457.png;false;;
458;https://raw.githubusercontent.com/evij-g/artoolkit-barcode-markers-collection/master/4x4_bch_13_9_3/458.png;false;;
459;https://raw.githubusercontent.com/evij-g/artoolkit-barcode-markers-collection/master/4x4_bch_13_9_3/459.png;false;;
460;https://raw.githubusercontent.com/evij-g/artoolkit-barcode-markers-collection/master/4x4_bch_13_9_3/460.png;false;;
461;https://raw.githubusercontent.com/evij-g/artoolkit-barcode-markers-collection/master/4x4_bch_13_9_3/461.png;false;;
462;https://raw.githubusercontent.com/evij-g/artoolkit-barcode-markers-collection/master/4x4_bch_13_9_3/462.png;false;;
463;https://raw.githubusercontent.com/evij-g/artoolkit-barcode-markers-collection/master/4x4_bch_13_9_3/463.png;false;;
464;https://raw.githubusercontent.com/evij-g/artoolkit-barcode-markers-collection/master/4x4_bch_13_9_3/464.png;false;;
465;https://raw.githubusercontent.com/evij-g/artoolkit-barcode-markers-collection/master/4x4_bch_13_9_3/465.png;false;;
466;https://raw.githubusercontent.com/evij-g/artoolkit-barcode-markers-collection/master/4x4_bch_13_9_3/466.png;false;;
467;https://raw.githubusercontent.com/evij-g/artoolkit-barcode-markers-collection/master/4x4_bch_13_9_3/467.png;false;;
468;https://raw.githubusercontent.com/evij-g/artoolkit-barcode-markers-collection/master/4x4_bch_13_9_3/468.png;false;;
469;https://raw.githubusercontent.com/evij-g/artoolkit-barcode-markers-collection/master/4x4_bch_13_9_3/469.png;false;;
470;https://raw.githubusercontent.com/evij-g/artoolkit-barcode-markers-collection/master/4x4_bch_13_9_3/470.png;false;;
471;https://raw.githubusercontent.com/evij-g/artoolkit-barcode-markers-collection/master/4x4_bch_13_9_3/471.png;false;;
472;https://raw.githubusercontent.com/evij-g/artoolkit-barcode-markers-collection/master/4x4_bch_13_9_3/472.png;false;;
473;https://raw.githubusercontent.com/evij-g/artoolkit-barcode-markers-collection/master/4x4_bch_13_9_3/473.png;false;;
474;https://raw.githubusercontent.com/evij-g/artoolkit-barcode-markers-collection/master/4x4_bch_13_9_3/474.png;false;;
475;https://raw.githubusercontent.com/evij-g/artoolkit-barcode-markers-collection/master/4x4_bch_13_9_3/475.png;false;;
476;https://raw.githubusercontent.com/evij-g/artoolkit-barcode-markers-collection/master/4x4_bch_13_9_3/476.png;false;;
477;https://raw.githubusercontent.com/evij-g/artoolkit-barcode-markers-collection/master/4x4_bch_13_9_3/477.png;false;;
478;https://raw.githubusercontent.com/evij-g/artoolkit-barcode-markers-collection/master/4x4_bch_13_9_3/478.png;false;;
479;https://raw.githubusercontent.com/evij-g/artoolkit-barcode-markers-collection/master/4x4_bch_13_9_3/479.png;false;;
480;https://raw.githubusercontent.com/evij-g/artoolkit-barcode-markers-collection/master/4x4_bch_13_9_3/480.png;false;;
481;https://raw.githubusercontent.com/evij-g/artoolkit-barcode-markers-collection/master/4x4_bch_13_9_3/481.png;false;;
482;https://raw.githubusercontent.com/evij-g/artoolkit-barcode-markers-collection/master/4x4_bch_13_9_3/482.png;false;;
483;https://raw.githubusercontent.com/evij-g/artoolkit-barcode-markers-collection/master/4x4_bch_13_9_3/483.png;false;;
484;https://raw.githubusercontent.com/evij-g/artoolkit-barcode-markers-collection/master/4x4_bch_13_9_3/484.png;false;;
485;https://raw.githubusercontent.com/evij-g/artoolkit-barcode-markers-collection/master/4x4_bch_13_9_3/485.png;false;;
486;https://raw.githubusercontent.com/evij-g/artoolkit-barcode-markers-collection/master/4x4_bch_13_9_3/486.png;false;;
487;https://raw.githubusercontent.com/evij-g/artoolkit-barcode-markers-collection/master/4x4_bch_13_9_3/487.png;false;;
488;https://raw.githubusercontent.com/evij-g/artoolkit-barcode-markers-collection/master/4x4_bch_13_9_3/488.png;false;;
489;https://raw.githubusercontent.com/evij-g/artoolkit-barcode-markers-collection/master/4x4_bch_13_9_3/489.png;false;;
490;https://raw.githubusercontent.com/evij-g/artoolkit-barcode-markers-collection/master/4x4_bch_13_9_3/490.png;false;;
491;https://raw.githubusercontent.com/evij-g/artoolkit-barcode-markers-collection/master/4x4_bch_13_9_3/491.png;false;;
492;https://raw.githubusercontent.com/evij-g/artoolkit-barcode-markers-collection/master/4x4_bch_13_9_3/492.png;false;;
493;https://raw.githubusercontent.com/evij-g/artoolkit-barcode-markers-collection/master/4x4_bch_13_9_3/493.png;false;;
494;https://raw.githubusercontent.com/evij-g/artoolkit-barcode-markers-collection/master/4x4_bch_13_9_3/494.png;false;;
495;https://raw.githubusercontent.com/evij-g/artoolkit-barcode-markers-collection/master/4x4_bch_13_9_3/495.png;false;;
496;https://raw.githubusercontent.com/evij-g/artoolkit-barcode-markers-collection/master/4x4_bch_13_9_3/496.png;false;;
497;https://raw.githubusercontent.com/evij-g/artoolkit-barcode-markers-collection/master/4x4_bch_13_9_3/497.png;false;;
498;https://raw.githubusercontent.com/evij-g/artoolkit-barcode-markers-collection/master/4x4_bch_13_9_3/498.png;false;;
499;https://raw.githubusercontent.com/evij-g/artoolkit-barcode-markers-collection/master/4x4_bch_13_9_3/499.png;false;;
500;https://raw.githubusercontent.com/evij-g/artoolkit-barcode-markers-collection/master/4x4_bch_13_9_3/500.png;false;;
